0,1,2,3,4,5
State,Constituency,Leader,Party,Margin,Total Votes
Andaman & Nicobar Islands,Andaman & Nicobar Islands - 1,BISHNU PADA RAY,Bharatiya Janata Party,24396,202514
Andhra Pradesh,Amalapuram (SC) - 7,G M HARISH (BALAYOGI),Telugu Desam,342196,1301106
Andhra Pradesh,Anakapalle - 5,C.M.RAMESH,Bharatiya Janata Party,296530,1325332
Andhra Pradesh,Ananthapur - 19,AMBICA G LAKSHMINARAYANA VALMIKI,Telugu Desam,188555,1440428
Andhra Pradesh,Araku (ST) - 1,GUMMA THANUJA RANI,Yuvajana Sramika Rythu Congress Party,50580,1164445
Andhra Pradesh,Bapatla (SC) - 15,KRISHNA PRASAD TENNETI,Telugu Desam,208031,1300745
Andhra Pradesh,Chittoor(SC) - 25,DAGGUMALLA PRASADA RAO,Telugu Desam,220479,1418857
Andhra Pradesh,Eluru - 10,PUTTA MAHESH KUMAR,Telugu Desam,181857,1382049
Andhra Pradesh,Guntur - 13,DR CHANDRA SEKHAR PEMMASANI,Telugu Desam,344695,1425371
Andhra Pradesh,Hindupur - 20,B K PARTHASARATHI,Telugu Desam,132427,1416339
Andhra Pradesh,Kadapa - 21,Y. S. AVINASH REDDY,Yuvajana Sramika Rythu Congress Party,62695,1321975
Andhra Pradesh,Kakinada - 6,TANGELLA UDAY SRINIVAS  (TEA TIME UDAY),Janasena Party,229491,1329803
Andhra Pradesh,Kurnoolu - 18,BASTIPATI NAGARAJU PANCHALINGALA,Telugu Desam,111298,1330780
Andhra Pradesh,Machilipatnam - 11,BALASHOWRY VALLABHANENI,Janasena Party,223179,1312004
Andhra Pradesh,Nandyal - 17,DR BYREDDY SHABARI,Telugu Desam,111975,1404418
Andhra Pradesh,Narsapuram - 9,BHUPATHI RAJU SRINIVASA VARMA (B.J.P.VARMA),Bharatiya Janata Party,276802,1230994
Andhra Pradesh,Narsaraopet - 14,LAVU SRIKRISHNA DEVARAYALU,Telugu Desam,159729,1499569
Andhra Pradesh,Nellore - 22,PRABHAKAR REDDY VEMIREDDY,Telugu Desam,245902,1375649
Andhra Pradesh,Ongole - 16,MAGUNTA SREENIVASULU REDDY,Telugu Desam,50199,1422214
Andhra Pradesh,Rajahmundry - 8,DAGGUBATI PURANDHESHWARI,Bharatiya Janata Party,239139,1325297
Andhra Pradesh,Rajampet - 24,P V MIDHUN REDDY,Yuvajana Sramika Rythu Congress Party,76071,1332939
Andhra Pradesh,Srikakulam - 2,KINJARAPU RAMMOHAN NAIDU,Telugu Desam,327901,1235686
Andhra Pradesh,Thirupathi(SC) - 23,GURUMOORTHY MADDILA,Yuvajana Sramika Rythu Congress Party,14569,1382570
Andhra Pradesh,Vijayawada - 12,KESINENI SIVANATH (CHINNI),Telugu Desam,282085,1364405
Andhra Pradesh,Visakhapatnam - 4,SRIBHARAT MATHUKUMILI,Telugu Desam,504247,1387125
Andhra Pradesh,Vizianagaram - 3,APPALANAIDU KALISETTI,Telugu Desam,249351,1299242
Arunachal Pradesh,Arunachal East - 2,TAPIR GAO,Bharatiya Janata Party,30421,323443
Arunachal Pradesh,Arunachal West - 1,KIREN RIJIJU,Bharatiya Janata Party,100738,399804
Assam,Barpeta - 3,PHANI BHUSAN CHOUDHURY,Asom Gana Parishad,222351,1685943
Assam,Darrang-Udalguri - 4,DILIP SAIKIA,Bharatiya Janata Party,329012,1811200
Assam,Dhubri  - 2,RAKIBUL HUSSAIN,Indian National Congress,1012476,2453608
Assam,Dibrugarh - 13,SARBANANDA SONOWAL,Bharatiya Janata Party,279321,1278322
Assam,Diphu - 6,AMARSING TISSO,Bharatiya Janata Party,147603,682827
Assam,Guwahati - 5,BIJULI KALITA  MEDHI,Bharatiya Janata Party,251090,1599389
Assam,Jorhat - 14,GAURAV GOGOI,Indian National Congress,144393,1391160
Assam,Karimganj - 7,KRIPANATH MALLAH,Bharatiya Janata Party,18360,1146882
Assam,Kaziranga - 10,KAMAKHYA PRASAD TASA,Bharatiya Janata Party,248947,1629937
Assam,Kokrajhar  - 1,JOYANTA BASUMATARY,"United People’s Party, Liberal",51583,1241496
Assam,Lakhimpur - 12,PRADAN BARUAH,Bharatiya Janata Party,201257,1211214
Assam,Nagaon - 9,PRADYUT BORDOLOI,Indian National Congress,212231,1549998
Assam,Silchar  - 8,PARIMAL SUKLABAIDYA,Bharatiya Janata Party,264311,1089426
Assam,Sonitpur - 11,RANJIT DUTTA,Bharatiya Janata Party,361408,1288468
Bihar,Araria - 9,PRADEEP KUMAR SINGH,Bharatiya Janata Party,20094,1252560
Bihar,Arrah - 32,SUDAMA PRASAD,Communist Party of India  (Marxist-Leninist)  (Liberation),59808,1096561
Bihar,Aurangabad - 37,ABHAY KUMAR SINHA,Rashtriya Janata Dal,79111,945880
Bihar,Banka - 27,GIRIDHARI YADAV,Janata Dal  (United),103844,1014155
Bihar,Begusarai - 24,GIRIRAJ SINGH,Bharatiya Janata Party,81480,1294673
Bihar,Bhagalpur - 26,AJAY KUMAR MANDAL,Janata Dal  (United),104868,1064081
Bihar,Buxar - 33,SUDHAKAR SINGH,Rashtriya Janata Dal,30091,1073759
Bihar,Darbhanga - 14,GOPAL JEE THAKUR,Bharatiya Janata Party,178156,1024184
Bihar,Gaya - 38,JITAN RAM MANJHI,Hindustani Awam Morcha (Secular),101812,963676
Bihar,Gopalganj - 17,DR. ALOK KUMAR SUMAN,Janata Dal  (United),127180,1063027
Bihar,Hajipur - 21,CHIRAG PASWAN,Lok Janshakti Party(Ram Vilas),170105,1155324
Bihar,Jahanabad - 36,SURENDRA PRASAD YADAV,Rashtriya Janata Dal,142591,925370
Bihar,Jamui - 40,ARUN BHARTI,Lok Janshakti Party(Ram Vilas),112482,979233
Bihar,Jhanjharpur - 7,RAMPRIT MANDAL,Janata Dal  (United),184169,1093741
Bihar,Karakat - 35,RAJA RAM SINGH,Communist Party of India  (Marxist-Leninist)  (Liberation),105858,1031618
Bihar,Katihar - 11,TARIQ ANWAR,Indian National Congress,49863,1171546
Bihar,Khagaria - 25,RAJESH VERMA,Lok Janshakti Party(Ram Vilas),161131,1061894
Bihar,Kishanganj - 10,MOHAMMAD JAWED,Indian National Congress,59692,1151099
Bihar,Madhepura - 13,DINESH CHANDRA YADAV,Janata Dal  (United),174534,1209695
Bihar,Madhubani - 6,ASHOK KUMAR YADAV,Bharatiya Janata Party,151945,1027728
Bihar,Maharajganj - 19,"JANARDAN SINGH ""SIGRIWAL""",Bharatiya Janata Party,102651,1014109
Bihar,Munger - 28,RAJIV RANJAN SINGH ALIAS LALAN SINGH,Janata Dal  (United),80870,1139081
Bihar,Muzaffarpur - 15,RAJ BHUSHAN CHOUDHARY,Bharatiya Janata Party,234927,1112460
Bihar,Nalanda - 29,KAUSHALENDRA KUMAR,Janata Dal  (United),169114,1144383
Bihar,Nawada - 39,VIVEK THAKUR,Bharatiya Janata Party,67670,869870
Bihar,Paschim Champaran - 2,DR.SANJAY JAISWAL,Bharatiya Janata Party,136568,1086256
Bihar,Patliputra - 31,MISHA BHARTI,Rashtriya Janata Dal,85174,1230099
Bihar,Patna Sahib - 30,RAVI SHANKAR PRASAD,Bharatiya Janata Party,153846,1075496
Bihar,Purnia - 12,RAJESH RANJAN ALIAS PAPPU YADAV,Independent,23847,1195844
Bihar,Purvi Champaran - 3,RADHA MOHAN SINGH,Bharatiya Janata Party,88287,1073688
Bihar,Samastipur - 23,SHAMBHAVI,Lok Janshakti Party(Ram Vilas),187251,1094592
Bihar,Saran - 20,RAJIV PRATAP RUDY,Bharatiya Janata Party,13661,1021508
Bihar,Sasaram - 34,MANOJ KUMAR,Indian National Congress,19157,1097075
Bihar,Sheohar - 4,LOVELY ANAND,Janata Dal  (United),29143,1055602
Bihar,Sitamarhi - 5,DEVESH CHANDRA THAKUR,Janata Dal  (United),51356,1093992
Bihar,Siwan - 18,VIJAYLAKSHMI DEVI,Janata Dal  (United),92857,998018
Bihar,Supaul - 8,DILESHWAR KAMAIT,Janata Dal  (United),169803,1231114
Bihar,Ujiarpur - 22,NITYANAND RAI,Bharatiya Janata Party,60102,1042068
Bihar,Vaishali - 16,VEENA DEVI,Lok Janshakti Party(Ram Vilas),89634,1172060
Bihar,Valmiki Nagar  - 1,SUNIL KUMAR,Janata Dal  (United),98675,1101830
Chandigarh,Chandigarh - 1,MANISH TEWARI,Indian National Congress,2504,449275
Chhattisgarh,BASTAR - 10,MAHESH KASHYAP,Bharatiya Janata Party,55245,1007395
Chhattisgarh,BILASPUR - 5,TOKHAN SAHU,Bharatiya Janata Party,164558,1361350
Chhattisgarh,DURG - 7,VIJAY BAGHEL,Bharatiya Janata Party,438226,1542787
Chhattisgarh,JANJGIR-CHAMPA - 3,KAMLESH JANGDE,Bharatiya Janata Party,60000,1392240
Chhattisgarh,KANKER - 11,BHOJRAJ NAG,Bharatiya Janata Party,1884,1265429
Chhattisgarh,KORBA - 4,JYOTSNA CHARANDAS MAHANT,Indian National Congress,43283,1225313
Chhattisgarh,MAHASAMUND - 9,ROOP KUMARI CHOUDHARY,Bharatiya Janata Party,145456,1326080
Chhattisgarh,RAIGARH - 2,RADHESHYAM RATHIYA,Bharatiya Janata Party,240391,1452965
Chhattisgarh,RAIPUR - 8,BRIJMOHAN AGRAWAL,Bharatiya Janata Party,575285,1586755
Chhattisgarh,RAJNANDGAON - 6,SANTOSH PANDEY,Bharatiya Janata Party,44411,1445765
Chhattisgarh,SURGUJA - 1,CHINTAMANI MAHARAJ,Bharatiya Janata Party,64822,1455269
Dadra & Nagar Haveli and Daman & Diu,Dadar & Nagar Haveli - 2,DELKAR KALABEN MOHANBHAI,Bharatiya Janata Party,57584,205588
Dadra & Nagar Haveli and Daman & Diu,Daman & Diu  - 1,PATEL UMESHBHAI BABUBHAI,Independent,6225,92410
Goa,North Goa - 1,SHRIPAD YESSO NAIK,Bharatiya Janata Party,116015,456018
Goa,South Goa - 2,CAPTAIN  VIRIATO FERNANDES,Indian National Congress,13535,450520
Gujarat,Ahmedabad East - 7,HASMUKHBHAI PATEL (H.S.PATEL),Bharatiya Janata Party,461755,1128339
Gujarat,Ahmedabad West - 8,DINESHBHAI MAKWANA (ADVOCATE),Bharatiya Janata Party,286437,966646
Gujarat,Amreli - 14,BHARATBHAI MANUBHAI SUTARIYA,Bharatiya Janata Party,321068,876426
Gujarat,Anand - 16,MITESH PATEL (BAKABHAI),Bharatiya Janata Party,89939,1167969
Gujarat,Banaskantha - 2,GENIBEN NAGAJI THAKOR,Indian National Congress,30406,1375903
Gujarat,Bardoli - 23,PARBHUBHAI NAGARBHAI VASAVA,Bharatiya Janata Party,230253,1339333
Gujarat,Bharuch - 22,MANSUKHBHAI DHANJIBHAI VASAVA,Bharatiya Janata Party,85696,1198964
Gujarat,Bhavnagar - 15,NIMUBEN JAYANTIBHAI BAMBHANIYA (NIMUBEN BAMBHANIYA),Bharatiya Janata Party,455289,1047232
Gujarat,Chhota Udaipur - 21,JASHUBHAI BHILUBHAI RATHVA,Bharatiya Janata Party,398777,1267719
Gujarat,Dahod - 19,JASWANTSINH SUMANBHAI BHABHOR,Bharatiya Janata Party,333677,1118294
Gujarat,Gandhinagar - 6,AMIT SHAH,Bharatiya Janata Party,744716,1321802
Gujarat,Jamnagar - 12,POONAMBEN HEMATBHAI MAADAM,Bharatiya Janata Party,238008,1051235
Gujarat,Junagadh - 13,CHUDASAMA RAJESHBHAI NARANBHAI,Bharatiya Janata Party,135494,1068253
Gujarat,Kachchh - 1,CHAVDA VINOD LAKHAMSHI,Bharatiya Janata Party,268782,1095157
Gujarat,Kheda - 17,DEVUSINH CHAUHAN,Bharatiya Janata Party,357758,1175848
Gujarat,Mahesana - 4,HARIBHAI PATEL,Bharatiya Janata Party,328046,1076827
Gujarat,Navsari - 25,C R PATIL,Bharatiya Janata Party,773551,1338216
Gujarat,Panchmahal - 18,RAJPALSINH MAHENDRASINH JADAV,Bharatiya Janata Party,509342,1131497
Gujarat,Patan - 3,DABHI  BHARATSINHJI  SHANKARJI,Bharatiya Janata Party,31876,1193125
Gujarat,Porbandar - 11,DR. MANSUKH MANDAVIYA,Bharatiya Janata Party,383360,928977
Gujarat,Rajkot - 10,PARSHOTTAMBHAI RUPALA,Bharatiya Janata Party,484260,1273542
Gujarat,Sabarkantha - 5,SHOBHANABEN MAHENDRASINH BARAIYA,Bharatiya Janata Party,155682,1269358
Gujarat,Surendranagar - 9,CHANDUBHAI CHHAGANBHAI SHIHORA,Bharatiya Janata Party,261617,1131377
Gujarat,Vadodara - 20,DR. HEMANG JOSHI,Bharatiya Janata Party,582126,1212149
Gujarat,Valsad - 26,DHAVAL LAXMANBHAI  PATEL,Bharatiya Janata Party,210704,1361411
Haryana,AMBALA - 1,VARUN CHAUDHRY,Indian National Congress,49036,1346722
Haryana,BHIWANI-MAHENDRAGARH - 8,DHARAMBIR SINGH,Bharatiya Janata Party,41510,1183395
Haryana,FARIDABAD - 10,KRISHAN PAL,Bharatiya Janata Party,172914,1471322
Haryana,GURGAON - 9,RAO INDERJIT SINGH,Bharatiya Janata Party,75079,1601232
Haryana,HISAR - 4,JAI PARKASH (J P) S/O HARIKESH,Indian National Congress,63381,1174115
Haryana,KARNAL - 5,MANOHAR LAL,Bharatiya Janata Party,232577,1345892
Haryana,KURUKSHETRA - 2,NAVEEN JINDAL,Bharatiya Janata Party,29021,1205872
Haryana,ROHTAK - 7,DEEPENDER SINGH HOODA,Indian National Congress,345298,1248446
Haryana,SIRSA - 3,SELJA,Indian National Congress,268497,1354632
Haryana,SONIPAT - 6,SATPAL BRAHAMCHARI,Indian National Congress,21816,1123944
Himachal Pradesh,HAMIRPUR - 3,ANURAG SINGH THAKUR,Bharatiya Janata Party,182357,1047263
Himachal Pradesh,KANGRA - 1,DR RAJEEV BHARDWAJ,Bharatiya Janata Party,251895,1036868
Himachal Pradesh,MANDI - 2,KANGNA RANAUT,Bharatiya Janata Party,74755,1015810
Himachal Pradesh,SHIMLA - 4,Suresh Kumar Kashyap,Bharatiya Janata Party,91451,969965
Jammu and Kashmir,ANANTNAG-RAJOURI - 3,MIAN ALTAF AHMAD,Jammu & Kashmir National Conference,281794,1026148
Jammu and Kashmir,BARAMULLA - 1,ABDUL RASHID SHEIKH,Independent,204142,1033900
Jammu and Kashmir,JAMMU - 5,JUGAL KISHORE,Bharatiya Janata Party,135498,1302176
Jammu and Kashmir,SRINAGAR - 2,AGA SYED RUHULLAH MEHDI,Jammu & Kashmir National Conference,188416,675242
Jammu and Kashmir,UDHAMPUR - 4,DR JITENDRA SINGH,Bharatiya Janata Party,124373,1113727
Jharkhand,Chatra - 4,KALI CHARAN SINGH,Bharatiya Janata Party,220959,1086374
Jharkhand,Dhanbad - 7,DULU MAHATO,Bharatiya Janata Party,331583,1428007
Jharkhand,Dumka - 2,NALIN SOREN,Jharkhand Mukti Morcha,22527,1184132
Jharkhand,Giridih - 6,CHANDRA PRAKASH CHOUDHARY,AJSU Party,80880,1264833
Jharkhand,Godda - 3,NISHIKANT DUBEY,Bharatiya Janata Party,101813,1398204
Jharkhand,Hazaribagh - 14,MANISH JAISWAL,Bharatiya Janata Party,276686,1264667
Jharkhand,Jamshedpur - 9,BIDYUT BARAN MAHATO,Bharatiya Janata Party,259782,1277629
Jharkhand,Khunti - 11,KALI CHARAN MUNDA,Indian National Congress,149675,936682
Jharkhand,Kodarma - 5,ANNPURNA DEVI,Bharatiya Janata Party,377014,1369964
Jharkhand,Lohardaga - 12,SUKHDEO BHAGAT,Indian National Congress,139138,967125
Jharkhand,Palamau - 13,VISHNU DAYAL RAM,Bharatiya Janata Party,288807,1390738
Jharkhand,Rajmahal - 1,VIJAY KUMAR HANSDAK,Jharkhand Mukti Morcha,178264,1218249
Jharkhand,Ranchi - 8,SANJAY SETH,Bharatiya Janata Party,120512,1447781
Jharkhand,Singhbhum - 10,JOBA MAJHI,Jharkhand Mukti Morcha,168402,1007597
Karnataka,Bagalkot - 3,GADDIGOUDAR. PARVATAGOUDA. CHANDANAGOUDA.,Bharatiya Janata Party,68399,1317561
Karnataka,Bangalore central - 25,P C MOHAN,Bharatiya Janata Party,32707,1316510
Karnataka,Bangalore North - 24,SHOBHA KARANDLAJE,Bharatiya Janata Party,259476,1752504
Karnataka,Bangalore Rural - 23,DR C N MANJUNATH,Bharatiya Janata Party,269647,1919540
Karnataka,Bangalore South - 26,TEJASVI SURYA,Bharatiya Janata Party,277083,1249342
Karnataka,Belgaum - 2,JAGADISH SHETTAR,Bharatiya Janata Party,178437,1383889
Karnataka,Bellary - 9,E. TUKARAM,Indian National Congress,98992,1389914
Karnataka,Bidar - 7,SAGAR ESHWAR KHANDRE,Indian National Congress,128875,1242322
Karnataka,Bijapur - 4,RAMESH JIGAJINAGI,Bharatiya Janata Party,77229,1296114
Karnataka,Chamarajanagar - 22,SUNIL BOSE,Indian National Congress,188706,1369797
Karnataka,Chikkballapur - 27,DR.K.SUDHAKAR,Bharatiya Janata Party,163460,1530820
Karnataka,Chikkodi - 1,PRIYANKA SATISH JARKIHOLI,Indian National Congress,90834,1393093
Karnataka,Chitradurga - 18,GOVIND MAKTHAPPA KARJOL,Bharatiya Janata Party,48121,1366909
Karnataka,Dakshina Kannada - 17,CAPTAIN BRIJESH CHOWTA,Bharatiya Janata Party,149208,1415770
Karnataka,Davanagere - 13,DR. PRABHA MALLIKARJUN,Indian National Congress,26094,1320368
Karnataka,Dharwad - 11,PRALHAD JOSHI,Bharatiya Janata Party,97324,1366491
Karnataka,Gulbarga - 5,RADHAKRISHNA,Indian National Congress,27205,1310477
Karnataka,Hassan - 16,SHREYAS. M. PATEL,Indian National Congress,42649,1355007
Karnataka,Haveri - 10,BASAVARAJ BOMMAI,Bharatiya Janata Party,43513,1395812
Karnataka,Kolar - 28,M. MALLESH BABU,Janata Dal  (Secular),71388,1355228
Karnataka,Koppal - 8,K. RAJASHEKAR BASAVARAJ HITNAL,Indian National Congress,46357,1328936
Karnataka,Mandya - 20,H.D. KUMARASWAMY,Janata Dal  (Secular),284620,1460267
Karnataka,Mysore - 21,YADUVEER KRISHNADATTA CHAMARAJA WADIYAR,Bharatiya Janata Party,139262,1484473
Karnataka,Raichur - 6,G. KUMAR NAIK.,Indian National Congress,79781,1299619
Karnataka,Shimoga - 14,B.Y.RAGHAVENDRA,Bharatiya Janata Party,243715,1377224
Karnataka,Tumkur - 19,V. SOMANNA,Bharatiya Janata Party,175594,1303451
Karnataka,Udupi Chikmagalur - 15,KOTA SRINIVAS POOJARY,Bharatiya Janata Party,259175,1229418
Karnataka,Uttara Kannada - 12,VISHWESHWAR HEGDE KAGERI,Bharatiya Janata Party,337428,1262761
Kerala,Alappuzha - 15,K. C VENUGOPAL,Indian National Congress,63513,1058703
Kerala,Alathur  - 9,K.RADHAKRISHNAN,Communist Party of India  (Marxist),20111,992268
Kerala,Attingal - 19,ADV ADOOR PRAKASH,Indian National Congress,684,985341
Kerala,Chalakudy - 11,BENNY BEHANAN,Indian National Congress,63754,951287
Kerala,Ernakulam - 12,HIBI EDEN,Indian National Congress,250385,910502
Kerala,Idukki - 13,ADV. DEAN KURIAKOSE,Indian National Congress,133727,840657
Kerala,Kannur - 2,K. SUDHAKARAN,Indian National Congress,108982,1063855
Kerala,Kasaragod - 1,RAJMOHAN UNNITHAN,Indian National Congress,100649,1112546
Kerala,Kollam - 18,N K PREMACHANDRAN,Revolutionary Socialist Party,150302,915691
Kerala,Kottayam - 14,ADV K FRANCIS GEORGE,Kerala Congress,87266,836223
Kerala,Kozhikode - 5,M. K. RAGHAVAN,Indian National Congress,146176,1090050
Kerala,Malappuram - 6,E.T.  MOHAMMED BASHEER,Indian Union Muslim League,300118,1085182
Kerala,Mavelikkara  - 16,KODIKUNNIL SURESH,Indian National Congress,10868,894971
Kerala,Palakkad - 8,V K SREEKANDAN,Indian National Congress,75283,1035836
Kerala,Pathanamthitta - 17,ANTO ANTONY,Indian National Congress,66119,919569
Kerala,Ponnani - 7,DR. M.P ABDUSSAMAD SAMADANI,Indian Union Muslim League,235760,1026296
Kerala,Thiruvananthapuram - 20,SHASHI THAROOR,Indian National Congress,16077,962983
Kerala,Thrissur - 10,SURESH GOPI,Bharatiya Janata Party,74686,1090876
Kerala,Vadakara - 3,SHAFI PARAMBIL,Indian National Congress,114506,1122947
Kerala,Wayanad - 4,RAHUL GANDHI,Indian National Congress,364422,1084653
Ladakh,Ladakh - 1,MOHMAD HANEEFA,Independent,27862,135524
Lakshadweep,Lakshadweep - 1,MUHAMMED HAMDULLAH SAYEED,Indian National Congress,2647,49200
Madhya Pradesh,BALAGHAT - 15,BHARTI PARDHI,Bharatiya Janata Party,174512,1382280
Madhya Pradesh,BETUL - 29,DURGADAS (D. D.) UIKEY,Bharatiya Janata Party,379761,1396020
Madhya Pradesh,BHIND - 2,SANDHYA RAY,Bharatiya Janata Party,64840,1049007
Madhya Pradesh,BHOPAL - 19,ALOK SHARMA,Bharatiya Janata Party,501499,1498285
Madhya Pradesh,CHHINDWARA - 16,BUNTY VIVEK SAHU,Bharatiya Janata Party,113618,1304827
Madhya Pradesh,DAMOH - 7,RAHUL SINGH LODHI,Bharatiya Janata Party,406426,1088944
Madhya Pradesh,DEWAS - 21,MAHENDRA SINGH SOLANKY,Bharatiya Janata Party,425225,1469104
Madhya Pradesh,DHAR - 25,SAVITRI THAKUR,Bharatiya Janata Party,218665,1425044
Madhya Pradesh,GUNA - 4,JYOTIRADITYA M. SCINDIA,Bharatiya Janata Party,540929,1373766
Madhya Pradesh,GWALIOR - 3,BHARAT SINGH KUSHWAH,Bharatiya Janata Party,70210,1343229
Madhya Pradesh,HOSHANGABAD - 17,DARSHAN SINGH CHOUDHARY,Bharatiya Janata Party,431696,1249692
Madhya Pradesh,INDORE - 26,SHANKAR LALWANI,Bharatiya Janata Party,1175092,1561968
Madhya Pradesh,JABALPUR - 13,ASHISH DUBEY,Bharatiya Janata Party,486674,1158545
Madhya Pradesh,KHAJURAHO - 8,VISHNU DATT SHARMA (V.D.SHARMA),Bharatiya Janata Party,541229,1140570
Madhya Pradesh,KHANDWA - 28,GYANESHWAR PATIL,Bharatiya Janata Party,269971,1512542
Madhya Pradesh,KHARGONE - 27,GAJENDRA SINGH PATEL,Bharatiya Janata Party,135018,1558778
Madhya Pradesh,MANDLA - 14,FAGGAN SINGH KULASTE,Bharatiya Janata Party,103846,1535632
Madhya Pradesh,MANDSOUR - 23,SUDHEER GUPTA,Bharatiya Janata Party,500655,1433492
Madhya Pradesh,MORENA - 1,SHIVMANGAL SINGH TOMAR,Bharatiya Janata Party,52530,1187331
Madhya Pradesh,RAJGARH - 20,RODMAL NAGAR,Bharatiya Janata Party,146089,1428997
Madhya Pradesh,RATLAM - 24,ANITA NAGARSINGH CHOUHAN,Bharatiya Janata Party,207232,1532643
Madhya Pradesh,REWA - 10,JANARDAN MISHRA,Bharatiya Janata Party,193374,918129
Madhya Pradesh,SAGAR - 5,DR. LATA WANKHEDE,Bharatiya Janata Party,471222,1150549
Madhya Pradesh,SATNA - 9,GANESH SINGH,Bharatiya Janata Party,84949,1058972
Madhya Pradesh,SHAHDOL - 12,SMT. HIMADRI SINGH,Bharatiya Janata Party,397340,1152013
Madhya Pradesh,SIDHI - 11,DR. RAJESH MISHRA,Bharatiya Janata Party,206416,1147264
Madhya Pradesh,TIKAMGARH - 6,DR. VIRENDRA KUMAR,Bharatiya Janata Party,403312,1098390
Madhya Pradesh,UJJAIN - 22,ANIL FIROJIYA,Bharatiya Janata Party,375860,1328580
Madhya Pradesh,VIDISHA - 18,SHIVRAJ SINGH CHOUHAN,Bharatiya Janata Party,821408,1455658
Maharashtra,Ahmednagar - 37,NILESH DNYANDEV LANKE,Nationalist Congress Party – Sharadchandra Pawar,28929,1325477
Maharashtra,Akola - 6,ANUP SANJAY DHOTRE,Bharatiya Janata Party,40626,1173072
Maharashtra,Amravati  - 7,BALWANT BASWANT WANKHADE,Indian National Congress,19731,1173579
Maharashtra,Aurangabad - 19,BHUMARE SANDIPANRAO ASARAM,Shiv Sena,134650,1302197
Maharashtra,Baramati - 35,SUPRIYA SULE,Nationalist Congress Party – Sharadchandra Pawar,158333,1412349
Maharashtra,Beed - 39,BAJRANG MANOHAR SONWANE,Nationalist Congress Party – Sharadchandra Pawar,6553,1522295
Maharashtra,Bhandara Gondiya - 11,DR. PRASHANT YADAORAO PADOLE,Indian National Congress,37380,1235073
Maharashtra,Bhiwandi - 23,BALYA MAMA - SURESH GOPINATH MHATRE,Nationalist Congress Party – Sharadchandra Pawar,66121,1253399
Maharashtra,Buldhana - 5,JADHAV PRATAPRAO GANPATRAO,Shiv Sena,29479,1109496
Maharashtra,Chandrapur - 13,DHANORKAR PRATIBHA SURESH ALIAS BALUBHAU,Indian National Congress,260406,1241304
Maharashtra,Dhule - 2,BACHHAV SHOBHA DINESH,Indian National Congress,3831,1219295
Maharashtra,Dindori  - 20,BHASKAR MURLIDHAR BHAGARE,Nationalist Congress Party – Sharadchandra Pawar,113199,1240910
Maharashtra,Gadchiroli - Chimur - 12,DR. KIRSAN  NAMDEO,Indian National Congress,141696,1166360
Maharashtra,Hatkanangale - 48,DHAIRYASHEEL SAMBHAJIRAO MANE,Shiv Sena,13426,1296024
Maharashtra,Hingoli - 15,AASHTIKAR PATIL NAGESH BAPURAO,Shiv Sena (Uddhav Balasaheb Thackrey),108602,1159300
Maharashtra,Jalgaon - 3,SMITA UDAY WAGH,Bharatiya Janata Party,251594,1169553
Maharashtra,Jalna - 18,KALYAN VAIJINATHRAO KALE,Indian National Congress,109958,1363409
Maharashtra,Kalyan - 24,DR SHRIKANT EKNATH SHINDE,Shiv Sena,209144,1045736
Maharashtra,Kolhapur - 47,CHHATRAPATI SHAHU SHAHAJI,Indian National Congress,154964,1393326
Maharashtra,Latur  - 41,DR. KALGE SHIVAJI BANDAPPA,Indian National Congress,61881,1239079
Maharashtra,Madha - 43,MOHITE-PATIL DHAIRYASHEEL RAJSINH,Nationalist Congress Party – Sharadchandra Pawar,120837,1273418
Maharashtra,Maval - 33,SHRIRANG APPA CHANDU BARNE,Shiv Sena,96615,1419401
Maharashtra,Mumbai North - 26,PIYUSH GOYAL,Bharatiya Janata Party,357608,1035493
Maharashtra,Mumbai North Central - 29,GAIKWAD VARSHA EKNATH,Indian National Congress,16514,910562
Maharashtra,Mumbai North East - 28,SANJAY DINA PATIL,Shiv Sena (Uddhav Balasaheb Thackrey),29861,926469
Maharashtra,Mumbai North West - 27,AMOL GAJANAN KIRTIKAR,Shiv Sena (Uddhav Balasaheb Thackrey),-48,954939
Maharashtra,Mumbai South - 31,ARVIND GANPAT SAWANT,Shiv Sena (Uddhav Balasaheb Thackrey),52673,773113
Maharashtra,Mumbai South Central - 30,ANIL YESHWANT DESAI,Shiv Sena (Uddhav Balasaheb Thackrey),53384,794524
Maharashtra,Nagpur - 10,NITIN JAIRAM GADKARI,Bharatiya Janata Party,137603,1211321
Maharashtra,Nanded - 16,CHAVAN VASANTRAO BALWANTRAO,Indian National Congress,59442,1128254
Maharashtra,Nandurbar - 1,ADV GOWAAL KAGADA PADAVI,Indian National Congress,159120,1393669
Maharashtra,Nashik - 21,RAJABHAU (PARAG) PRAKASH WAJE,Shiv Sena (Uddhav Balasaheb Thackrey),162001,1237204
Maharashtra,Osmanabad - 40,OMPRAKASH BHUPALSINH ALIAS PAVAN RAJENIMBALKAR,Shiv Sena (Uddhav Balasaheb Thackrey),329846,1281052
Maharashtra,Palghar - 22,DR. HEMANT VISHNU SAVARA,Bharatiya Janata Party,183306,1376074
Maharashtra,Parbhani - 17,JADHAV SANJAY ( BANDU ) HARIBHAU,Shiv Sena (Uddhav Balasaheb Thackrey),134061,1331176
Maharashtra,Pune - 34,MURLIDHAR MOHOL,Bharatiya Janata Party,123038,1104572
Maharashtra,Raigad - 32,TATKARE SUNIL DATTATREY,Nationalist Congress Party,82784,1013272
Maharashtra,Ramtek  - 9,Shyamkumar (Babalu) Daulat Barve,Indian National Congress,76768,1252512
Maharashtra,Ratnagiri- Sindhudurg - 46,NARAYAN TATU RANE,Bharatiya Janata Party,47858,914038
Maharashtra,Raver - 4,KHADSE RAKSHA NIKHIL,Bharatiya Janata Party,272183,1171666
Maharashtra,Sangli - 44,VISHAL (DADA) PRAKASHBAPU PATIL,Independent,100053,1168744
Maharashtra,Satara - 45,SHRIMANT CHH UDAYANRAJE PRATAPSINHAMAHARAJ BHONSLE,Bharatiya Janata Party,32771,1198004
Maharashtra,Shirdi  - 38,BHAUSAHEB RAJARAM WAKCHAURE,Shiv Sena (Uddhav Balasaheb Thackrey),50529,1059864
Maharashtra,Shirur - 36,DR. AMOL RAMSING KOLHE,Nationalist Congress Party – Sharadchandra Pawar,140951,1374464
Maharashtra,Solapur - 42,PRANITI SUSHILKUMAR SHINDE,Indian National Congress,74197,1204485
Maharashtra,Thane - 25,NARESH GANPAT MHASKE,Shiv Sena,217011,1309068
Maharashtra,Wardha - 8,AMAR SHARADRAO KALE,Nationalist Congress Party – Sharadchandra Pawar,81648,1095012
Maharashtra,Yavatmal- Washim - 14,SANJAY UTTAMRAO DESHMUKH,Shiv Sena (Uddhav Balasaheb Thackrey),94473,1225530
Manipur,Inner Manipur - 1,ANGOMCHA BIMOL AKOIJAM,Indian National Congress,109801,796897
Manipur,Outer Manipur - 2,ALFRED KANNGAM S ARTHUR,Indian National Congress,85418,796735
Meghalaya,Shillong - 1,DR. RICKY ANDREW J. SYNGKON,Voice of the People Party,371910,1037911
Meghalaya,Tura - 2,SALENG A SANGMA,Indian National Congress,155241,674056
Mizoram,MIZORAM - 1,RICHARD VANLALHMANGAIHA,Zoram People’s Movement,68288,491336
Nagaland,Nagaland - 1,S SUPONGMEREN JAMIR,Indian National Congress,50984,760796
NCT OF Delhi,Chandni Chowk - 1,PRAVEEN KHANDELWAL,Bharatiya Janata Party,89325,966102
NCT OF Delhi,East Delhi - 3,HARSH MALHOTRA,Bharatiya Janata Party,93663,1264049
NCT OF Delhi,New Delhi - 4,BANSURI SWARAJ,Bharatiya Janata Party,78370,847468
NCT OF Delhi,North-East Delhi - 2,MANOJ TIWARI,Bharatiya Janata Party,138778,1552731
NCT OF Delhi,North-West Delhi - 5,YOGENDER CHANDOLIYA,Bharatiya Janata Party,290849,1487207
NCT OF Delhi,South Delhi - 7,RAMVIR SINGH BIDHURI,Bharatiya Janata Party,124333,1295998
NCT OF Delhi,West Delhi - 6,KAMALJEET SEHRAWAT,Bharatiya Janata Party,199013,1524494
Odisha,Aska - 19,ANITA SUBHADARSHINI,Bharatiya Janata Party,99974,1017914
Odisha,Balasore - 6,PRATAP CHANDRA SARANGI,Bharatiya Janata Party,147156,1239635
Odisha,Bargarh - 1,PRADEEP PUROHIT,Bharatiya Janata Party,251667,1309864
Odisha,Berhampur - 20,DR. PRADEEP KUMAR PANIGRAHY,Bharatiya Janata Party,165476,1042923
Odisha,Bhadrak - 7,AVIMANYU SETHI,Bharatiya Janata Party,91544,1297377
Odisha,Bhubaneswar - 18,APARAJITA SARANGI,Bharatiya Janata Party,35152,1082215
Odisha,Bolangir - 10,SANGEETA KUMARI SINGH DEO,Bharatiya Janata Party,132664,1400248
Odisha,Cuttack - 14,BHARTRUHARI MAHTAB,Bharatiya Janata Party,57077,1120795
Odisha,Dhenkanal - 9,RUDRA NARAYAN PANY,Bharatiya Janata Party,76567,1191673
Odisha,Jagatsinghpur - 16,BIBHU PRASAD TARAI,Bharatiya Janata Party,40696,1286287
Odisha,Jajpur - 8,SARMISTHA SETHI,Biju Janata Dal,-1587,1161208
Odisha,Kalahandi - 11,MALVIKA DEVI,Bharatiya Janata Party,133813,1334244
Odisha,Kandhamal - 13,SUKANTA KUMAR PANIGRAHI,Bharatiya Janata Party,21371,996091
Odisha,Kendrapara - 15,BAIJAYANT PANDA,Bharatiya Janata Party,66536,1277108
Odisha,Keonjhar - 4,ANANTA NAYAK,Bharatiya Janata Party,97042,1256615
Odisha,Koraput - 21,SAPTAGIRI SANKAR ULAKA,Indian National Congress,147744,1148842
Odisha,Mayurbhanj - 5,NABA CHARAN MAJHI,Bharatiya Janata Party,219334,1174050
Odisha,Nabarangpur - 12,BALABHADRA MAJHI,Bharatiya Janata Party,87536,1242475
Odisha,Puri - 17,SAMBIT PATRA,Bharatiya Janata Party,104709,1196938
Odisha,Sambalpur - 3,DHARMENDRA PRADHAN,Bharatiya Janata Party,119836,1196747
Odisha,Sundargarh - 2,JUAL ORAM,Bharatiya Janata Party,138808,1155777
Puducherry,PUDUCHERRY - 1,VE VAITHILINGAM,Indian National Congress,136516,807940
Punjab,Amritsar - 2,GURJEET SINGH AUJLA,Indian National Congress,40301,905656
Punjab,Anandpur Sahib - 6,MALVINDER SINGH KANG,Aam Aadmi Party,10846,1077123
Punjab,Bathinda - 11,HARSIMRAT KAUR BADAL,Shiromani Akali Dal,49656,1151170
Punjab,Faridkot - 9,SARABJEET SINGH KHALSA,Independent,70053,1014455
Punjab,Fatehgarh Sahib - 8,AMAR SINGH,Indian National Congress,34202,974256
Punjab,Firozpur - 10,SHER SINGH GHUBAYA,Indian National Congress,3242,1125115
Punjab,Gurdaspur - 1,SUKHJINDER SINGH RANDHAWA,Indian National Congress,82861,1077826
Punjab,Hoshiarpur - 5,DR. RAJ KUMAR CHABBEWAL,Aam Aadmi Party,44111,948485
Punjab,Jalandhar - 4,CHARANJIT SINGH CHANNI,Indian National Congress,175993,989107
Punjab,Khadoor Sahib - 3,AMRITPAL SINGH,Independent,197120,1047165
Punjab,Ludhiana - 7,AMRINDER SINGH RAJA WARRING,Indian National Congress,20942,1059157
Punjab,Patiala - 13,DR DHARAMVIRA GANDHI,Indian National Congress,14831,1151743
Punjab,Sangrur - 12,GURMEET SINGH MEET HAYER,Aam Aadmi Party,172560,1009665
Rajasthan,AJMER  - 13,BHAGIRATH CHOUDHARY,Bharatiya Janata Party,329991,1201179
Rajasthan,ALWAR - 8,BHUPENDER YADAV,Bharatiya Janata Party,48282,1253438
Rajasthan,BANSWARA  - 20,RAJ KUMAR ROAT,Bharat Adivasi Party,247054,1636852
Rajasthan,BARMER - 17,UMMEDA RAM BENIWAL,Indian National Congress,118176,1688051
Rajasthan,BHARATPUR  - 9,SANJNA JATAV,Indian National Congress,51983,1133000
Rajasthan,BHILWARA - 23,DAMODAR AGARWAL,Bharatiya Janata Party,354606,1304395
Rajasthan,BIKANER  - 2,ARJUN RAM MEGHWAL,Bharatiya Janata Party,55711,1118282
Rajasthan,CHITTORGARH - 21,CHANDRA PRAKASH JOSHI,Bharatiya Janata Party,389877,1498733
Rajasthan,CHURU - 3,RAHUL KASWAN,Indian National Congress,72737,1424645
Rajasthan,DAUSA  - 11,MURARI LAL MEENA,Indian National Congress,237340,1072734
Rajasthan,GANGANAGAR  - 1,KULDEEP INDORA,Indian National Congress,88153,1413494
Rajasthan,JAIPUR - 7,MANJU SHARMA,Bharatiya Janata Party,331767,1463258
Rajasthan,JAIPUR RURAL - 6,RAO RAJENDRA SINGH,Bharatiya Janata Party,1615,1262054
Rajasthan,JALORE  - 18,LUMBARAM,Bharatiya Janata Party,201543,1451126
Rajasthan,JHALAWAR-BARAN - 25,DUSHYANT SINGH,Bharatiya Janata Party,370989,1421331
Rajasthan,JHUNJHUNU      - 4,BRIJENDRA SINGH OLA,Indian National Congress,18235,1118927
Rajasthan,JODHPUR - 16,GAJENDRA SINGH SHEKHAWAT,Bharatiya Janata Party,115677,1383838
Rajasthan,KARAULI-DHOLPUR  - 10,BHAJAN LAL JATAV,Indian National Congress,98945,988122
Rajasthan,KOTA - 24,OM BIRLA,Bharatiya Janata Party,41974,1500157
Rajasthan,NAGAUR - 14,HANUMAN BENIWAL,Rashtriya Loktantrik Party,42225,1238473
Rajasthan,PALI - 15,P. P. CHAUDHARY,Bharatiya Janata Party,245351,1353842
Rajasthan,RAJSAMAND - 22,MAHIMA KUMARI MEWAR,Bharatiya Janata Party,392223,1213130
Rajasthan,SIKAR - 5,AMRARAM,Communist Party of India  (Marxist),72896,1300856
Rajasthan,TONK-SAWAI MADHOPUR  - 12,HARISH CHANDRA MEENA,Indian National Congress,64949,1226584
Rajasthan,UDAIPUR  - 19,MANNA LAL RAWAT,Bharatiya Janata Party,261608,1498376
Sikkim,Sikkim - 1,INDRA HANG SUBBA,Sikkim Krantikari Morcha,80830,384893
Tamil Nadu,ARAKKONAM - 7,S JAGATHRATCHAKAN,Dravida Munnetra Kazhagam,306559,1163822
Tamil Nadu,ARANI - 12,THARANIVENTHAN M S,Dravida Munnetra Kazhagam,208766,1140261
Tamil Nadu,CHENNAI CENTRAL - 4,DAYANIDHI MARAN,Dravida Munnetra Kazhagam,244689,730549
Tamil Nadu,CHENNAI NORTH - 2,DR.KALANIDHI VEERASWAMY,Dravida Munnetra Kazhagam,339222,902489
Tamil Nadu,CHENNAI SOUTH - 3,T.SUMATHY (ALIAS) THAMIZHACHI THANGAPANDIAN,Dravida Munnetra Kazhagam,225945,1099321
Tamil Nadu,CHIDAMBARAM - 27,THIRUMAAVALAVAN THOL,Viduthalai Chiruthaigal Katchi,103554,1167071
Tamil Nadu,COIMBATORE - 20,GANAPATHY RAJKUMAR P,Dravida Munnetra Kazhagam,118068,1372833
Tamil Nadu,CUDDALORE - 26,M.K. VISHNUPRASAD,Indian National Congress,185896,1031563
Tamil Nadu,DHARMAPURI - 10,MANI. A.,Dravida Munnetra Kazhagam,21300,1247832
Tamil Nadu,DINDIGUL - 22,SACHITHANANTHAM R,Communist Party of India  (Marxist),443821,1149621
Tamil Nadu,ERODE - 17,K E PRAKASH,Dravida Munnetra Kazhagam,236566,1093423
Tamil Nadu,KALLAKURICHI - 14,MALAIYARASAN D,Dravida Munnetra Kazhagam,53784,1249568
Tamil Nadu,KANCHEEPURAM - 6,SELVAM. G,Dravida Munnetra Kazhagam,221473,1259578
Tamil Nadu,KANNIYAKUMARI - 39,VIJAYAKUMAR (Alias) VIJAY VASANTH,Indian National Congress,179907,1029055
Tamil Nadu,KARUR - 23,JOTHIMANI. S,Indian National Congress,166816,1132045
Tamil Nadu,KRISHNAGIRI - 9,GOPINATH K,Indian National Congress,192486,1166156
Tamil Nadu,MADURAI - 32,VENKATESAN S,Communist Party of India  (Marxist),209409,986969
Tamil Nadu,MAYILADUTHURAI - 28,SUDHA R,Indian National Congress,271183,1087708
Tamil Nadu,NAGAPATTINAM - 29,SELVARAJ V,Communist Party of India,208957,973011
Tamil Nadu,NAMAKKAL - 16,MATHESWARAN V S,Dravida Munnetra Kazhagam,29112,1146303
Tamil Nadu,NILGIRIS - 19,RAJA A,Dravida Munnetra Kazhagam,240585,1018906
Tamil Nadu,PERAMBALUR - 25,ARUN NEHRU,Dravida Munnetra Kazhagam,389107,1129226
Tamil Nadu,POLLACHI - 21,ESWARASAMY K,Dravida Munnetra Kazhagam,252042,1126045
Tamil Nadu,RAMANATHAPURAM - 35,NAVASKANI K,Indian Union Muslim League,166782,1109853
Tamil Nadu,SALEM - 15,SELVAGANAPATHI T M,Dravida Munnetra Kazhagam,70357,1304844
Tamil Nadu,SIVAGANGA - 31,KARTI P CHIDAMBARAM,Indian National Congress,205664,1053419
Tamil Nadu,SRIPERUMBUDUR - 5,T R BAALU,Dravida Munnetra Kazhagam,487029,1440935
Tamil Nadu,TENKASI - 37,DR RANI SRI KUMAR,Dravida Munnetra Kazhagam,196199,1039119
Tamil Nadu,THANJAVUR - 30,MURASOLI S,Dravida Munnetra Kazhagam,319583,1028706
Tamil Nadu,THENI - 33,THANGA TAMILSELVAN,Dravida Munnetra Kazhagam,278825,1141219
Tamil Nadu,THOOTHUKKUDI - 36,KANIMOZHI KARUNANIDHI,Dravida Munnetra Kazhagam,392738,978526
Tamil Nadu,TIRUCHIRAPPALLI - 24,DURAI VAIKO,Marumalarchi Dravida Munnetra Kazhagam,313094,1055964
Tamil Nadu,TIRUNELVELI - 38,ROBERT BRUCE C,Indian National Congress,165620,1067448
Tamil Nadu,TIRUPPUR - 18,"SUBBARAYAN, K.",Communist Party of India,125928,1142549
Tamil Nadu,TIRUVALLUR - 1,Sasikanth Senthil,Indian National Congress,572155,1417812
Tamil Nadu,TIRUVANNAMALAI - 11,"ANNADURAI, C.N.",Dravida Munnetra Kazhagam,233931,1146273
Tamil Nadu,VELLORE - 8,DM KATHIR ANAND,Dravida Munnetra Kazhagam,215702,1129458
Tamil Nadu,VILUPPURAM - 13,RAVIKUMAR. D,Viduthalai Chiruthaigal Katchi,70703,1152667
Tamil Nadu,VIRUDHUNAGAR - 34,MANICKAM TAGORE B,Indian National Congress,4379,1061901
Telangana,Adilabad  - 1,GODAM NAGESH,Bharatiya Janata Party,90652,1235597
Telangana,Bhongir  - 14,CHAMALA KIRAN KUMAR REDDY,Indian National Congress,222170,1401396
Telangana,Chevella - 10,KONDA VISHWESHWAR REDDY,Bharatiya Janata Party,172897,1675354
Telangana,Hyderabad - 9,ASADUDDIN OWAISI,All India Majlis-E-Ittehadul Muslimeen,338087,1080324
Telangana,Karimnagar  - 3,BANDI SANJAY KUMAR,Bharatiya Janata Party,225209,1312852
Telangana,Khammam  - 17,RAMASAHAYAM RAGHURAM REDDY,Indian National Congress,467847,1251283
Telangana,Mahabubabad   - 16,BALRAM NAIK PORIKA,Indian National Congress,349165,1108786
Telangana,Mahbubnagar - 11,ARUNA. D. K,Bharatiya Janata Party,4500,1226078
Telangana,Malkajgiri - 7,EATALA RAJENDER,Bharatiya Janata Party,391475,1933843
Telangana,Medak - 6,MADHAVANENI RAGHUNANDAN RAO,Bharatiya Janata Party,39139,1386239
Telangana,Nagarkurnool - 12,DR.MALLU RAVI,Indian National Congress,94414,1219223
Telangana,Nalgonda - 13,KUNDURU RAGHUVEER,Indian National Congress,559905,1296324
Telangana,Nizamabad - 4,ARVIND DHARMAPURI,Bharatiya Janata Party,109241,1233581
Telangana,Peddapalle  - 2,VAMSI KRISHNA GADDAM,Indian National Congress,131364,1095295
Telangana,Secunderabad - 8,G. KISHAN REDDY,Bharatiya Janata Party,49944,1047659
Telangana,Warangal - 15,KADIYAM KAVYA,Indian National Congress,220339,1267946
Telangana,Zahirabad - 5,SURESH KUMAR SHETKAR,Indian National Congress,46188,1236593
Tripura,Tripura East - 2,KRITI DEVI DEBBARMAN,Bharatiya Janata Party,486819,1134345
Tripura,Tripura West - 1,BIPLAB KUMAR DEB,Bharatiya Janata Party,611578,1209809
Uttar Pradesh,Agra - 18,PROF S P SINGH BAGHEL,Bharatiya Janata Party,271294,1123779
Uttar Pradesh,Akbarpur - 44,DEVENDRA SINGH ALIAS BHOLE SINGH,Bharatiya Janata Party,44345,1086953
Uttar Pradesh,Aligarh - 15,SATISH KUMAR GAUTAM,Bharatiya Janata Party,15647,1133366
Uttar Pradesh,Allahabad - 52,UJJWAL RAMAN SINGH,Indian National Congress,58795,947000
Uttar Pradesh,Ambedkar Nagar - 55,LALJI VERMA,Samajwadi Party,137247,1177062
Uttar Pradesh,Amethi - 37,KISHORI LAL,Indian National Congress,167196,980671
Uttar Pradesh,Amroha - 9,KANWAR SINGH TANWAR,Bharatiya Janata Party,28670,1110690
Uttar Pradesh,Aonla - 24,NEERAJ MAURYA,Samajwadi Party,15969,1088896
Uttar Pradesh,Azamgarh - 69,DHARMENDRA YADAV,Samajwadi Party,161035,1054520
Uttar Pradesh,Badaun - 23,ADITYA YADAV,Samajwadi Party,34991,1091764
Uttar Pradesh,Baghpat - 11,DR RAJKUMAR SANGWAN,Rashtriya Lok Dal,159459,933773
Uttar Pradesh,Baharaich - 56,ANAND KUMAR,Bharatiya Janata Party,64227,1056566
Uttar Pradesh,Ballia - 72,SANATAN PANDEY,Samajwadi Party,43384,1007322
Uttar Pradesh,Banda - 48,KRISHNA DEVI SHIVSHANKER PATEL,Samajwadi Party,71210,1044132
Uttar Pradesh,Bansgaon - 67,KAMLESH PASWAN,Bharatiya Janata Party,3150,944763
Uttar Pradesh,Barabanki - 53,TANUJ PUNIA,Indian National Congress,215704,1290634
Uttar Pradesh,Bareilly - 25,CHHATRA PAL SINGH GANGWAR,Bharatiya Janata Party,34804,1119558
Uttar Pradesh,Basti - 61,RAM PRASAD CHAUDHARY,Samajwadi Party,100994,1082870
Uttar Pradesh,Bhadohi - 78,DR. VINOD KUMAR BIND,Bharatiya Janata Party,44072,1084993
Uttar Pradesh,Bijnor - 4,CHANDAN CHAUHAN,Rashtriya Lok Dal,37508,1024432
Uttar Pradesh,Bulandshahr - 14,DR BHOLA SINGH,Bharatiya Janata Party,275134,1054399
Uttar Pradesh,Chandauli - 76,BIRENDRA SINGH,Samajwadi Party,21565,1116499
Uttar Pradesh,Deoria - 66,SHASHANK MANI,Bharatiya Janata Party,34842,1043308
Uttar Pradesh,Dhaurahra - 29,ANAND BHADAURIYA,Samajwadi Party,4449,1111847
Uttar Pradesh,Domariyaganj - 60,JAGDAMBIKA PAL,Bharatiya Janata Party,42728,1018965
Uttar Pradesh,Etah - 22,DEVESH SHAKYA,Samajwadi Party,28052,1010381
Uttar Pradesh,Etawah - 41,JITENDRA KUMAR DOHARE,Samajwadi Party,58419,1033784
Uttar Pradesh,Faizabad - 54,AWADHESH PRASAD,Samajwadi Party,54567,1140661
Uttar Pradesh,Farrukhabad - 40,MUKESH RAJPUT,Bharatiya Janata Party,2678,1033794
Uttar Pradesh,Fatehpur - 49,NARESH CHANDRA UTTAM PATEL,Samajwadi Party,33199,1106944
Uttar Pradesh,Fatehpur Sikri - 19,RAJKUMAR CHAHAR,Bharatiya Janata Party,43405,1034155
Uttar Pradesh,Firozabad - 20,AKSHAYA YADAV,Samajwadi Party,89312,1107296
Uttar Pradesh,Gautam Buddha Nagar - 13,DR. MAHESH SHARMA,Bharatiya Janata Party,559472,1437244
Uttar Pradesh,Ghaziabad - 12,ATUL GARG,Bharatiya Janata Party,336965,1470430
Uttar Pradesh,Ghazipur - 75,AFZAL ANSARI,Samajwadi Party,124861,1153094
Uttar Pradesh,Ghosi - 70,RAJEEV RAI,Samajwadi Party,162943,1150590
Uttar Pradesh,Gonda - 59,KIRTIVARDHAN SINGH,Bharatiya Janata Party,46224,952884
Uttar Pradesh,Gorakhpur - 64,RAVINDRA SHUKLA ALIAS RAVI KISHAN,Bharatiya Janata Party,103526,1154413
Uttar Pradesh,Hamirpur - 47,AJENDRA SINGH LODHI,Samajwadi Party,2629,1115299
Uttar Pradesh,Hardoi - 31,JAI PRAKASH,Bharatiya Janata Party,27856,1100116
Uttar Pradesh,Hathras - 16,ANOOP PRADHAN BALMIKI,Bharatiya Janata Party,247318,1082720
Uttar Pradesh,Jalaun - 45,NARAYAN DAS AHIRWAR,Samajwadi Party,53898,1128949
Uttar Pradesh,Jaunpur - 73,BABU SINGH KUSHWAHA,Samajwadi Party,99335,1101788
Uttar Pradesh,Jhansi - 46,ANURAG SHARMA,Bharatiya Janata Party,102614,1380506
Uttar Pradesh,Kairana - 2,IQRA CHOUDHARY,Samajwadi Party,69116,1079806
Uttar Pradesh,Kaiserganj - 57,KARAN BHUSHAN SINGH,Bharatiya Janata Party,148843,1062099
Uttar Pradesh,Kannauj - 42,AKHILESH YADAV,Samajwadi Party,170922,1217833
Uttar Pradesh,Kanpur - 43,RAMESH AWASTHI,Bharatiya Janata Party,20968,887396
Uttar Pradesh,Kaushambi - 50,PUSHPENDRA SAROJ,Samajwadi Party,103944,1009329
Uttar Pradesh,Kheri - 28,UTKARSH VERMA  'MADHUR',Samajwadi Party,34329,1213359
Uttar Pradesh,Kushi Nagar - 65,VIJAY KUMAR DUBAY,Bharatiya Janata Party,81790,1080483
Uttar Pradesh,Lalganj - 68,DAROGA PRASAD SAROJ,Samajwadi Party,115023,1003438
Uttar Pradesh,Lucknow - 35,RAJ NATH SINGH,Bharatiya Janata Party,135159,1136892
Uttar Pradesh,Machhlishahr - 74,PRIYA SAROJ,Samajwadi Party,35850,1060063
Uttar Pradesh,Maharajganj - 63,PANKAJ CHAUDHARY,Bharatiya Janata Party,35451,1210451
Uttar Pradesh,Mainpuri - 21,DIMPLE YADAV,Samajwadi Party,221639,1054011
Uttar Pradesh,Mathura - 17,HEMAMALINI DHARMENDRA DEOL,Bharatiya Janata Party,293407,957046
Uttar Pradesh,Meerut - 10,ARUN GOVIL,Bharatiya Janata Party,10585,1182479
Uttar Pradesh,Mirzapur - 79,ANUPRIYA PATEL,Apna Dal (Soneylal),37810,1105405
Uttar Pradesh,Misrikh - 32,ASHOK KUMAR RAWAT,Bharatiya Janata Party,33406,1051983
Uttar Pradesh,Mohanlalganj - 34,R.K. CHAUDHARY,Samajwadi Party,70292,1377452
Uttar Pradesh,Moradabad - 6,RUCHI VIRA,Samajwadi Party,105762,1283185
Uttar Pradesh,Muzaffarnagar - 3,HARENDRA SINGH MALIK,Samajwadi Party,24672,1078669
Uttar Pradesh,Nagina - 5,CHANDRASHEKHAR,Aazad Samaj Party (Kanshi Ram),151473,1001303
Uttar Pradesh,Phulpur - 51,PRAVEEN PATEL,Bharatiya Janata Party,4332,1014824
Uttar Pradesh,Pilibhit - 26,JITIN PRASADA,Bharatiya Janata Party,164935,1160947
Uttar Pradesh,Pratapgarh - 39,SHIV PAL SINGH PATEL (DR. S P SINGH),Samajwadi Party,66206,947288
Uttar Pradesh,Rae Bareli - 36,RAHUL GANDHI,Indian National Congress,390030,1039219
Uttar Pradesh,Rampur - 7,MOHIBBULLAH,Samajwadi Party,87434,968079
Uttar Pradesh,Robertsganj - 80,CHHOTELAL,Samajwadi Party,129234,1009545
Uttar Pradesh,Saharanpur - 1,IMRAN MASOOD,Indian National Congress,64542,1229455
Uttar Pradesh,Salempur - 71,RAMASHANKAR RAJBHAR,Samajwadi Party,3573,917362
Uttar Pradesh,Sambhal - 8,ZIA UR REHMAN,Samajwadi Party,121494,1194983
Uttar Pradesh,Sant Kabir Nagar - 62,LAXMIKANT PAPPU NISHAD,Samajwadi Party,92170,1091202
Uttar Pradesh,Shahjahanpur - 27,ARUN KUMAR SAGAR,Bharatiya Janata Party,55379,1247902
Uttar Pradesh,Shrawasti - 58,RAM SHIROMANI VERMA,Samajwadi Party,76673,1046528
Uttar Pradesh,Sitapur - 30,RAKESH RATHOR,Indian National Congress,89641,1102015
Uttar Pradesh,Sultanpur - 38,RAMBHUAL NISHAD,Samajwadi Party,43174,1033387
Uttar Pradesh,Unnao - 33,SWAMI SACHCHIDANAND HARI SAKSHI,Bharatiya Janata Party,35818,1302271
Uttar Pradesh,Varanasi - 77,NARENDRA MODI,Bharatiya Janata Party,152513,1130143
Uttarakhand,Almora - 3,AJAY TAMTA,Bharatiya Janata Party,234097,668497
Uttarakhand,Garhwal - 2,ANIL BALUNI,Bharatiya Janata Party,163503,737431
Uttarakhand,Haridwar - 5,TRIVENDRA SINGH RAWAT,Bharatiya Janata Party,164056,1302623
Uttarakhand,Nainital-Udhamsingh Nagar - 4,AJAY BHATT,Bharatiya Janata Party,334548,1266016
Uttarakhand,Tehri Garhwal - 1,MALA RAJYA LAKSHMI SHAH,Bharatiya Janata Party,272493,862041
West Bengal,Alipurduars - 2,MANOJ TIGGA,Bharatiya Janata Party,75447,1421389
West Bengal,Arambagh - 29,BAG MITALI,All India Trinamool Congress,6399,1559079
West Bengal,Asansol - 40,SHATRUGHAN PRASAD SINHA,All India Trinamool Congress,59564,1301540
West Bengal,Baharampur - 10,PATHAN YUSUF,All India Trinamool Congress,85022,1384770
West Bengal,Balurghat - 6,SUKANTA MAJUMDAR,Bharatiya Janata Party,10386,1237308
West Bengal,Bangaon - 14,SHANTANU THAKUR,Bharatiya Janata Party,73693,1493108
West Bengal,Bankura - 36,ARUP CHAKRABORTY,All India Trinamool Congress,32778,1447674
West Bengal,Barasat - 17,KAKOLI GHOSH DASTIDAR,All India Trinamool Congress,114189,1532601
West Bengal,Bardhaman Purba - 38,DR. SHARMILA SARKAR,All India Trinamool Congress,160572,1497310
West Bengal,Bardhaman-Durgapur - 39,AZAD KIRTI JHA,All India Trinamool Congress,137981,1501773
West Bengal,Barrackpur - 15,PARTHA BHOWMICK,All India Trinamool Congress,64438,1141860
West Bengal,Basirhat - 18,SK NURUL ISLAM,All India Trinamool Congress,333547,1523401
West Bengal,Birbhum - 42,SATABDI ROY,All India Trinamool Congress,197650,1527432
West Bengal,Bishnupur - 37,KHAN SAUMITRA,Bharatiya Janata Party,5567,1513872
West Bengal,Bolpur - 41,ASIT KUMAR MAL,All India Trinamool Congress,327253,1528470
West Bengal,Coochbehar - 1,JAGADISH CHANDRA BARMA BASUNIA,All India Trinamool Congress,39250,1623048
West Bengal,Darjeeling - 4,RAJU BISTA,Bharatiya Janata Party,178525,1327412
West Bengal,Diamond harbour - 21,ABHISHEK BANERJEE,All India Trinamool Congress,710930,1530817
West Bengal,Dum dum - 16,SOUGATA RAY,All India Trinamool Congress,70660,1260046
West Bengal,Ghatal - 32,ADHIKARI DEEPAK (DEV),All India Trinamool Congress,182868,1600556
West Bengal,Hooghly - 28,RACHNA BANERJEE,All India Trinamool Congress,76853,1517511
West Bengal,Howrah - 25,PRASUN BANERJEE,All India Trinamool Congress,169442,1271796
West Bengal,Jadavpur - 22,SAYANI GHOSH,All India Trinamool Congress,258201,1566509
West Bengal,Jalpaiguri - 3,DR JAYANTA KUMAR ROY,Bharatiya Janata Party,86693,1578389
West Bengal,Jangipur - 9,KHALILUR RAHAMAN,All India Trinamool Congress,116637,1369633
West Bengal,Jhargram - 33,KALIPADA SAREN (KHERWAL),All India Trinamool Congress,174048,1490843
West Bengal,Joynagar - 19,PRATIMA MONDAL,All India Trinamool Congress,470219,1482631
West Bengal,Kanthi - 31,ADHIKARI SOUMENDU,Bharatiya Janata Party,47764,1530997
West Bengal,Kolkata Dakshin - 23,MALA ROY,All India Trinamool Congress,187231,1243477
West Bengal,Kolkata Uttar - 24,BANDYOPADHYAY SUDIP,All India Trinamool Congress,92560,958433
West Bengal,Krishnanagar - 12,MAHUA MOITRA,All India Trinamool Congress,56705,1425712
West Bengal,Maldaha Dakshin - 8,ISHA KHAN CHOUDHURY,Indian National Congress,128368,1369789
West Bengal,Maldaha Uttar - 7,KHAGEN MURMU,Bharatiya Janata Party,77708,1417589
West Bengal,Mathurapur - 20,BAPI HALDAR,All India Trinamool Congress,201057,1496024
West Bengal,Medinipur - 34,JUNE MALIAH,All India Trinamool Congress,27191,1481563
West Bengal,Murshidabad - 11,ABU TAHER KHAN,All India Trinamool Congress,164215,1541559
West Bengal,Purulia - 35,JYOTIRMAY SINGH MAHATO,Bharatiya Janata Party,17079,1434018
West Bengal,Raiganj - 5,KARTICK CHANDRA PAUL,Bharatiya Janata Party,68197,1368471
West Bengal,Ranaghat - 13,JAGANNATH SARKAR,Bharatiya Janata Party,186899,1540632
West Bengal,Srerampur - 27,KALYAN BANERJEE,All India Trinamool Congress,174830,1476532
West Bengal,Tamluk - 30,ABHIJIT GANGOPADHYAY,Bharatiya Janata Party,77733,1577319
West Bengal,Uluberia - 26,SAJDA AHMED,All India Trinamool Congress,218673,1390794
